{
  "run_name": "lora-r8-a8-d0.22510823027543056",
  "mode": "lora",
  "rank": 8,
  "alpha": 8,
  "dropout": 0.22510823027543056,
  "best_val_accuracy": 0.902,
  "test_loss": 0.306864,
  "test_accuracy": 0.9063,
  "trainable_parameters": 185956,
  "total_parameters": 21890120,
  "trainable_percent": 0.8495,
  "checkpoint_path": "outputs/q1/lora-r8-a8-d0.22510823027543056/best_model.pt"
}