{
  "run_name": "lora-r4-a4-d0.06803226053468923",
  "mode": "lora",
  "rank": 4,
  "alpha": 4,
  "dropout": 0.06803226053468923,
  "best_val_accuracy": 0.903,
  "test_loss": 0.322425,
  "test_accuracy": 0.8991,
  "trainable_parameters": 112228,
  "total_parameters": 21816392,
  "trainable_percent": 0.5144,
  "checkpoint_path": "outputs/q1/lora-r4-a4-d0.06803226053468923/best_model.pt"
}