{
  "run_name": "lora-r8-a4-d0.2962490251548571",
  "mode": "lora",
  "rank": 8,
  "alpha": 4,
  "dropout": 0.2962490251548571,
  "best_val_accuracy": 0.907,
  "test_loss": 0.311731,
  "test_accuracy": 0.9049,
  "trainable_parameters": 185956,
  "total_parameters": 21890120,
  "trainable_percent": 0.8495,
  "checkpoint_path": "outputs/q1/lora-r8-a4-d0.2962490251548571/best_model.pt"
}