{
  "run_name": "lora-r8-a8-d0.006801240097871197",
  "mode": "lora",
  "rank": 8,
  "alpha": 8,
  "dropout": 0.006801240097871197,
  "best_val_accuracy": 0.9042,
  "test_loss": 0.311623,
  "test_accuracy": 0.904,
  "trainable_parameters": 185956,
  "total_parameters": 21890120,
  "trainable_percent": 0.8495,
  "checkpoint_path": "outputs/q1/lora-r8-a8-d0.006801240097871197/best_model.pt"
}