{
  "run_name": "lora-r8-a16-d0.14008907534268253",
  "mode": "lora",
  "rank": 8,
  "alpha": 16,
  "dropout": 0.14008907534268253,
  "best_val_accuracy": 0.9052,
  "test_loss": 0.31799,
  "test_accuracy": 0.9026,
  "trainable_parameters": 185956,
  "total_parameters": 21890120,
  "trainable_percent": 0.8495,
  "checkpoint_path": "outputs/q1/lora-r8-a16-d0.14008907534268253/best_model.pt"
}