{
  "run_name": "lora-r8-a2-d0.29902394574066726",
  "mode": "lora",
  "rank": 8,
  "alpha": 2,
  "dropout": 0.29902394574066726,
  "best_val_accuracy": 0.905,
  "test_loss": 0.31371,
  "test_accuracy": 0.9045,
  "trainable_parameters": 185956,
  "total_parameters": 21890120,
  "trainable_percent": 0.8495,
  "checkpoint_path": "outputs/q1/lora-r8-a2-d0.29902394574066726/best_model.pt"
}