{
  "run_name": "lora-r16-a4-d0.21510817938661703",
  "mode": "lora",
  "rank": 16,
  "alpha": 4,
  "dropout": 0.21510817938661703,
  "best_val_accuracy": 0.9056,
  "test_loss": 0.307246,
  "test_accuracy": 0.9054,
  "trainable_parameters": 333412,
  "total_parameters": 22037576,
  "trainable_percent": 1.5129,
  "checkpoint_path": "outputs/q1/lora-r16-a4-d0.21510817938661703/best_model.pt"
}