{
  "run_name": "lora-r4-a2-d0.10934600683469325",
  "mode": "lora",
  "rank": 4,
  "alpha": 2,
  "dropout": 0.10934600683469325,
  "best_val_accuracy": 0.9034,
  "test_loss": 0.315596,
  "test_accuracy": 0.9014,
  "trainable_parameters": 112228,
  "total_parameters": 21816392,
  "trainable_percent": 0.5144,
  "checkpoint_path": "outputs/q1/lora-r4-a2-d0.10934600683469325/best_model.pt"
}