{
  "epoch": [
    1,
    2,
    3,
    4,
    5,
    6,
    7,
    8,
    9,
    10,
    11,
    12,
    13,
    14,
    15
  ],
  "train_loss": [
    2.317184457239115,
    1.8739483637629815,
    1.7233918792796585,
    1.4918036798261247,
    1.3549846118351199,
    1.294762929655471,
    1.230505518193515,
    1.185876099568493,
    1.149279146824243,
    1.1340205601926119,
    1.119259647603305,
    1.1045311745607629,
    1.0973802636254508,
    1.0956435777106375,
    1.0947815989548306
  ],
  "train_miou": [
    0.14121504127979279,
    0.17671096324920654,
    0.20750431716442108,
    0.2748947739601135,
    0.31108802556991577,
    0.3161947727203369,
    0.3535985052585602,
    0.37141379714012146,
    0.3807712495326996,
    0.3899576961994171,
    0.40241876244544983,
    0.4104520380496979,
    0.41234079003334045,
    0.41392379999160767,
    0.41513705253601074
  ],
  "train_mdice": [
    0.16700653731822968,
    0.20443814992904663,
    0.252701073884964,
    0.31887340545654297,
    0.3501470386981964,
    0.3560943603515625,
    0.39379212260246277,
    0.40694794058799744,
    0.4136155843734741,
    0.4262314736843109,
    0.440487265586853,
    0.4467751085758209,
    0.45016342401504517,
    0.4513425827026367,
    0.4529378414154053
  ]
}