{
  "run_name": "lora-r4-a8-d0.22598934360388875",
  "mode": "lora",
  "rank": 4,
  "alpha": 8,
  "dropout": 0.22598934360388875,
  "best_val_accuracy": 0.905,
  "test_loss": 0.31364,
  "test_accuracy": 0.9028,
  "trainable_parameters": 112228,
  "total_parameters": 21816392,
  "trainable_percent": 0.5144,
  "checkpoint_path": "outputs/q1/lora-r4-a8-d0.22598934360388875/best_model.pt"
}