{
  "run_name": "lora-r8-a8-d0.1810899779755768",
  "mode": "lora",
  "rank": 8,
  "alpha": 8,
  "dropout": 0.1810899779755768,
  "best_val_accuracy": 0.9038,
  "test_loss": 0.309139,
  "test_accuracy": 0.9044,
  "trainable_parameters": 185956,
  "total_parameters": 21890120,
  "trainable_percent": 0.8495,
  "checkpoint_path": "outputs/q1/lora-r8-a8-d0.1810899779755768/best_model.pt"
}