{
  "run_name": "lora-r2-a16-d0.09065616476264178",
  "mode": "lora",
  "rank": 2,
  "alpha": 16,
  "dropout": 0.09065616476264178,
  "best_val_accuracy": 0.9022,
  "test_loss": 0.321276,
  "test_accuracy": 0.8999,
  "trainable_parameters": 75364,
  "total_parameters": 21779528,
  "trainable_percent": 0.346,
  "checkpoint_path": "outputs/q1/lora-r2-a16-d0.09065616476264178/best_model.pt"
}