{
  "run_name": "lora-r8-a4-d0.2810767101595132",
  "mode": "lora",
  "rank": 8,
  "alpha": 4,
  "dropout": 0.2810767101595132,
  "best_val_accuracy": 0.9034,
  "test_loss": 0.311779,
  "test_accuracy": 0.9025,
  "trainable_parameters": 185956,
  "total_parameters": 21890120,
  "trainable_percent": 0.8495,
  "checkpoint_path": "outputs/q1/lora-r8-a4-d0.2810767101595132/best_model.pt"
}