{
  "run_name": "lora-r8-a4-d0.13455321132345466",
  "mode": "lora",
  "rank": 8,
  "alpha": 4,
  "dropout": 0.13455321132345466,
  "best_val_accuracy": 0.9062,
  "test_loss": 0.315532,
  "test_accuracy": 0.9033,
  "trainable_parameters": 185956,
  "total_parameters": 21890120,
  "trainable_percent": 0.8495,
  "checkpoint_path": "outputs/q1/lora-r8-a4-d0.13455321132345466/best_model.pt"
}