{
  "run_name": "lora-r2-a16-d0.15387248286776553",
  "mode": "lora",
  "rank": 2,
  "alpha": 16,
  "dropout": 0.15387248286776553,
  "best_val_accuracy": 0.8954,
  "test_loss": 0.324769,
  "test_accuracy": 0.8996,
  "trainable_parameters": 75364,
  "total_parameters": 21779528,
  "trainable_percent": 0.346,
  "checkpoint_path": "outputs/q1/lora-r2-a16-d0.15387248286776553/best_model.pt"
}