{
  "run_name": "lora-r8-a4-d0.1748516628464663",
  "mode": "lora",
  "rank": 8,
  "alpha": 4,
  "dropout": 0.1748516628464663,
  "best_val_accuracy": 0.907,
  "test_loss": 0.324828,
  "test_accuracy": 0.8969,
  "trainable_parameters": 185956,
  "total_parameters": 21890120,
  "trainable_percent": 0.8495,
  "checkpoint_path": "outputs/q1/lora-r8-a4-d0.1748516628464663/best_model.pt"
}