{
  "run_name": "lora-r8-a8-d0.04171625494034701",
  "mode": "lora",
  "rank": 8,
  "alpha": 8,
  "dropout": 0.04171625494034701,
  "best_val_accuracy": 0.9066,
  "test_loss": 0.310776,
  "test_accuracy": 0.9038,
  "trainable_parameters": 185956,
  "total_parameters": 21890120,
  "trainable_percent": 0.8495,
  "checkpoint_path": "outputs/q1/lora-r8-a8-d0.04171625494034701/best_model.pt"
}